--
-- PostgreSQL database dump
--

-- Dumped from database version 13.3
-- Dumped by pg_dump version 14.11 (Homebrew)

SET statement_timeout = 0;
SET lock_timeout = 0;
SET idle_in_transaction_session_timeout = 0;
SET client_encoding = 'UTF8';
SET standard_conforming_strings = on;
SELECT pg_catalog.set_config('search_path', '', false);
SET check_function_bodies = false;
SET xmloption = content;
SET client_min_messages = warning;
SET row_security = off;

SET default_tablespace = '';

SET default_table_access_method = heap;

--
-- Name: auth_group; Type: TABLE; Schema: public; Owner: reflio_user
--

CREATE TABLE public.auth_group (
    id integer NOT NULL,
    name character varying(150) NOT NULL
);


ALTER TABLE public.auth_group OWNER TO reflio_user;

--
-- Name: auth_group_id_seq; Type: SEQUENCE; Schema: public; Owner: reflio_user
--

ALTER TABLE public.auth_group ALTER COLUMN id ADD GENERATED BY DEFAULT AS IDENTITY (
    SEQUENCE NAME public.auth_group_id_seq
    START WITH 1
    INCREMENT BY 1
    NO MINVALUE
    NO MAXVALUE
    CACHE 1
);


--
-- Name: auth_group_permissions; Type: TABLE; Schema: public; Owner: reflio_user
--

CREATE TABLE public.auth_group_permissions (
    id bigint NOT NULL,
    group_id integer NOT NULL,
    permission_id integer NOT NULL
);


ALTER TABLE public.auth_group_permissions OWNER TO reflio_user;

--
-- Name: auth_group_permissions_id_seq; Type: SEQUENCE; Schema: public; Owner: reflio_user
--

ALTER TABLE public.auth_group_permissions ALTER COLUMN id ADD GENERATED BY DEFAULT AS IDENTITY (
    SEQUENCE NAME public.auth_group_permissions_id_seq
    START WITH 1
    INCREMENT BY 1
    NO MINVALUE
    NO MAXVALUE
    CACHE 1
);


--
-- Name: auth_permission; Type: TABLE; Schema: public; Owner: reflio_user
--

CREATE TABLE public.auth_permission (
    id integer NOT NULL,
    name character varying(255) NOT NULL,
    content_type_id integer NOT NULL,
    codename character varying(100) NOT NULL
);


ALTER TABLE public.auth_permission OWNER TO reflio_user;

--
-- Name: auth_permission_id_seq; Type: SEQUENCE; Schema: public; Owner: reflio_user
--

ALTER TABLE public.auth_permission ALTER COLUMN id ADD GENERATED BY DEFAULT AS IDENTITY (
    SEQUENCE NAME public.auth_permission_id_seq
    START WITH 1
    INCREMENT BY 1
    NO MINVALUE
    NO MAXVALUE
    CACHE 1
);


--
-- Name: auth_user; Type: TABLE; Schema: public; Owner: reflio_user
--

CREATE TABLE public.auth_user (
    id integer NOT NULL,
    password character varying(128) NOT NULL,
    last_login timestamp with time zone,
    is_superuser boolean NOT NULL,
    username character varying(150) NOT NULL,
    first_name character varying(150) NOT NULL,
    last_name character varying(150) NOT NULL,
    email character varying(254) NOT NULL,
    is_staff boolean NOT NULL,
    is_active boolean NOT NULL,
    date_joined timestamp with time zone NOT NULL
);


ALTER TABLE public.auth_user OWNER TO reflio_user;

--
-- Name: auth_user_groups; Type: TABLE; Schema: public; Owner: reflio_user
--

CREATE TABLE public.auth_user_groups (
    id bigint NOT NULL,
    user_id integer NOT NULL,
    group_id integer NOT NULL
);


ALTER TABLE public.auth_user_groups OWNER TO reflio_user;

--
-- Name: auth_user_groups_id_seq; Type: SEQUENCE; Schema: public; Owner: reflio_user
--

ALTER TABLE public.auth_user_groups ALTER COLUMN id ADD GENERATED BY DEFAULT AS IDENTITY (
    SEQUENCE NAME public.auth_user_groups_id_seq
    START WITH 1
    INCREMENT BY 1
    NO MINVALUE
    NO MAXVALUE
    CACHE 1
);


--
-- Name: auth_user_id_seq; Type: SEQUENCE; Schema: public; Owner: reflio_user
--

ALTER TABLE public.auth_user ALTER COLUMN id ADD GENERATED BY DEFAULT AS IDENTITY (
    SEQUENCE NAME public.auth_user_id_seq
    START WITH 1
    INCREMENT BY 1
    NO MINVALUE
    NO MAXVALUE
    CACHE 1
);


--
-- Name: auth_user_user_permissions; Type: TABLE; Schema: public; Owner: reflio_user
--

CREATE TABLE public.auth_user_user_permissions (
    id bigint NOT NULL,
    user_id integer NOT NULL,
    permission_id integer NOT NULL
);


ALTER TABLE public.auth_user_user_permissions OWNER TO reflio_user;

--
-- Name: auth_user_user_permissions_id_seq; Type: SEQUENCE; Schema: public; Owner: reflio_user
--

ALTER TABLE public.auth_user_user_permissions ALTER COLUMN id ADD GENERATED BY DEFAULT AS IDENTITY (
    SEQUENCE NAME public.auth_user_user_permissions_id_seq
    START WITH 1
    INCREMENT BY 1
    NO MINVALUE
    NO MAXVALUE
    CACHE 1
);


--
-- Name: authtoken_token; Type: TABLE; Schema: public; Owner: reflio_user
--

CREATE TABLE public.authtoken_token (
    key character varying(40) NOT NULL,
    created timestamp with time zone NOT NULL,
    user_id integer NOT NULL
);


ALTER TABLE public.authtoken_token OWNER TO reflio_user;

--
-- Name: django_admin_log; Type: TABLE; Schema: public; Owner: reflio_user
--

CREATE TABLE public.django_admin_log (
    id integer NOT NULL,
    action_time timestamp with time zone NOT NULL,
    object_id text,
    object_repr character varying(200) NOT NULL,
    action_flag smallint NOT NULL,
    change_message text NOT NULL,
    content_type_id integer,
    user_id integer NOT NULL,
    CONSTRAINT django_admin_log_action_flag_check CHECK ((action_flag >= 0))
);


ALTER TABLE public.django_admin_log OWNER TO reflio_user;

--
-- Name: django_admin_log_id_seq; Type: SEQUENCE; Schema: public; Owner: reflio_user
--

ALTER TABLE public.django_admin_log ALTER COLUMN id ADD GENERATED BY DEFAULT AS IDENTITY (
    SEQUENCE NAME public.django_admin_log_id_seq
    START WITH 1
    INCREMENT BY 1
    NO MINVALUE
    NO MAXVALUE
    CACHE 1
);


--
-- Name: django_content_type; Type: TABLE; Schema: public; Owner: reflio_user
--

CREATE TABLE public.django_content_type (
    id integer NOT NULL,
    app_label character varying(100) NOT NULL,
    model character varying(100) NOT NULL
);


ALTER TABLE public.django_content_type OWNER TO reflio_user;

--
-- Name: django_content_type_id_seq; Type: SEQUENCE; Schema: public; Owner: reflio_user
--

ALTER TABLE public.django_content_type ALTER COLUMN id ADD GENERATED BY DEFAULT AS IDENTITY (
    SEQUENCE NAME public.django_content_type_id_seq
    START WITH 1
    INCREMENT BY 1
    NO MINVALUE
    NO MAXVALUE
    CACHE 1
);


--
-- Name: django_migrations; Type: TABLE; Schema: public; Owner: reflio_user
--

CREATE TABLE public.django_migrations (
    id bigint NOT NULL,
    app character varying(255) NOT NULL,
    name character varying(255) NOT NULL,
    applied timestamp with time zone NOT NULL
);


ALTER TABLE public.django_migrations OWNER TO reflio_user;

--
-- Name: django_migrations_id_seq; Type: SEQUENCE; Schema: public; Owner: reflio_user
--

ALTER TABLE public.django_migrations ALTER COLUMN id ADD GENERATED BY DEFAULT AS IDENTITY (
    SEQUENCE NAME public.django_migrations_id_seq
    START WITH 1
    INCREMENT BY 1
    NO MINVALUE
    NO MAXVALUE
    CACHE 1
);


--
-- Name: django_session; Type: TABLE; Schema: public; Owner: reflio_user
--

CREATE TABLE public.django_session (
    session_key character varying(40) NOT NULL,
    session_data text NOT NULL,
    expire_date timestamp with time zone NOT NULL
);


ALTER TABLE public.django_session OWNER TO reflio_user;

--
-- Name: reflio_django_app_affiliate; Type: TABLE; Schema: public; Owner: reflio_user
--

CREATE TABLE public.reflio_django_app_affiliate (
    affiliate_id uuid NOT NULL,
    invite_email text,
    invited_user_id uuid,
    campaign_id text,
    company_id text,
    accepted boolean NOT NULL,
    created timestamp with time zone NOT NULL,
    impressions integer NOT NULL,
    referral_code text,
    user_id integer NOT NULL,
    team_id integer NOT NULL,
    id bigint NOT NULL
);


ALTER TABLE public.reflio_django_app_affiliate OWNER TO reflio_user;

--
-- Name: reflio_django_app_affiliate_id_seq; Type: SEQUENCE; Schema: public; Owner: reflio_user
--

ALTER TABLE public.reflio_django_app_affiliate ALTER COLUMN id ADD GENERATED BY DEFAULT AS IDENTITY (
    SEQUENCE NAME public.reflio_django_app_affiliate_id_seq
    START WITH 1
    INCREMENT BY 1
    NO MINVALUE
    NO MAXVALUE
    CACHE 1
);


--
-- Name: reflio_django_app_asset; Type: TABLE; Schema: public; Owner: reflio_user
--

CREATE TABLE public.reflio_django_app_asset (
    asset_id character varying(15) NOT NULL,
    file_name character varying(255),
    file_custom_name character varying(255),
    file_size integer,
    created timestamp with time zone NOT NULL,
    company_id uuid NOT NULL,
    team_id integer NOT NULL,
    user_id integer NOT NULL
);


ALTER TABLE public.reflio_django_app_asset OWNER TO reflio_user;

--
-- Name: reflio_django_app_campaign; Type: TABLE; Schema: public; Owner: reflio_user
--

CREATE TABLE public.reflio_django_app_campaign (
    campaign_id character varying(15) NOT NULL,
    campaign_name character varying(255) NOT NULL,
    commission_type character varying(20) NOT NULL,
    commission_value integer NOT NULL,
    cookie_window integer NOT NULL,
    commission_period integer NOT NULL,
    default_campaign boolean NOT NULL,
    campaign_public boolean NOT NULL,
    minimum_days_payout integer NOT NULL,
    discount_code character varying(255),
    discount_value integer,
    discount_type character varying(20),
    custom_campaign_data jsonb,
    created timestamp with time zone NOT NULL,
    company_id uuid NOT NULL,
    team_id integer NOT NULL,
    user_id integer NOT NULL
);


ALTER TABLE public.reflio_django_app_campaign OWNER TO reflio_user;

--
-- Name: reflio_django_app_commission; Type: TABLE; Schema: public; Owner: reflio_user
--

CREATE TABLE public.reflio_django_app_commission (
    commission_id character varying(20) NOT NULL,
    payment_intent_id character varying(255) NOT NULL,
    commission_sale_value integer,
    commission_refund_value integer,
    paid_at timestamp with time zone,
    reflio_commission_paid boolean NOT NULL,
    commission_total integer,
    commission_due_date timestamp with time zone,
    commission_description text,
    created timestamp with time zone NOT NULL,
    affiliate_id uuid NOT NULL,
    campaign_id character varying(15) NOT NULL,
    company_id uuid NOT NULL,
    referral_id text NOT NULL
);


ALTER TABLE public.reflio_django_app_commission OWNER TO reflio_user;

--
-- Name: reflio_django_app_company; Type: TABLE; Schema: public; Owner: reflio_user
--

CREATE TABLE public.reflio_django_app_company (
    company_id uuid NOT NULL,
    company_name character varying(255) NOT NULL,
    company_url character varying(200),
    company_image character varying(200),
    company_meta jsonb,
    company_currency character varying(3) NOT NULL,
    company_handle character varying(255),
    company_affiliates jsonb,
    stripe_account_data jsonb,
    domain_verified boolean NOT NULL,
    stripe_id character varying(255),
    active_company boolean NOT NULL,
    created timestamp with time zone NOT NULL,
    team_id integer NOT NULL,
    user_id integer NOT NULL
);


ALTER TABLE public.reflio_django_app_company OWNER TO reflio_user;

--
-- Name: reflio_django_app_customer; Type: TABLE; Schema: public; Owner: reflio_user
--

CREATE TABLE public.reflio_django_app_customer (
    id bigint NOT NULL,
    stripe_customer_id character varying(255) NOT NULL,
    team_id integer NOT NULL,
    user_id integer NOT NULL
);


ALTER TABLE public.reflio_django_app_customer OWNER TO reflio_user;

--
-- Name: reflio_django_app_customer_id_seq; Type: SEQUENCE; Schema: public; Owner: reflio_user
--

ALTER TABLE public.reflio_django_app_customer ALTER COLUMN id ADD GENERATED BY DEFAULT AS IDENTITY (
    SEQUENCE NAME public.reflio_django_app_customer_id_seq
    START WITH 1
    INCREMENT BY 1
    NO MINVALUE
    NO MAXVALUE
    CACHE 1
);


--
-- Name: reflio_django_app_invite; Type: TABLE; Schema: public; Owner: reflio_user
--

CREATE TABLE public.reflio_django_app_invite (
    id bigint NOT NULL,
    invite_id character varying(15) NOT NULL,
    email character varying(254),
    accepted boolean NOT NULL,
    created timestamp with time zone NOT NULL,
    team_id integer NOT NULL,
    user_id integer NOT NULL
);


ALTER TABLE public.reflio_django_app_invite OWNER TO reflio_user;

--
-- Name: reflio_django_app_invite_id_seq; Type: SEQUENCE; Schema: public; Owner: reflio_user
--

ALTER TABLE public.reflio_django_app_invite ALTER COLUMN id ADD GENERATED BY DEFAULT AS IDENTITY (
    SEQUENCE NAME public.reflio_django_app_invite_id_seq
    START WITH 1
    INCREMENT BY 1
    NO MINVALUE
    NO MAXVALUE
    CACHE 1
);


--
-- Name: reflio_django_app_member; Type: TABLE; Schema: public; Owner: reflio_user
--

CREATE TABLE public.reflio_django_app_member (
    member_id uuid NOT NULL,
    created timestamp with time zone NOT NULL,
    member_team_id integer NOT NULL,
    member_user_id integer NOT NULL,
    id bigint NOT NULL
);


ALTER TABLE public.reflio_django_app_member OWNER TO reflio_user;

--
-- Name: reflio_django_app_member_id_seq; Type: SEQUENCE; Schema: public; Owner: reflio_user
--

ALTER TABLE public.reflio_django_app_member ALTER COLUMN id ADD GENERATED BY DEFAULT AS IDENTITY (
    SEQUENCE NAME public.reflio_django_app_member_id_seq
    START WITH 1
    INCREMENT BY 1
    NO MINVALUE
    NO MAXVALUE
    CACHE 1
);


--
-- Name: reflio_django_app_price; Type: TABLE; Schema: public; Owner: reflio_user
--

CREATE TABLE public.reflio_django_app_price (
    id character varying(255) NOT NULL,
    active boolean NOT NULL,
    description text NOT NULL,
    unit_amount bigint NOT NULL,
    currency character varying(3) NOT NULL,
    type character varying(20) NOT NULL,
    "interval" character varying(5) NOT NULL,
    interval_count integer NOT NULL,
    trial_period_days integer NOT NULL,
    metadata jsonb NOT NULL,
    product_id character varying(255) NOT NULL
);


ALTER TABLE public.reflio_django_app_price OWNER TO reflio_user;

--
-- Name: reflio_django_app_product; Type: TABLE; Schema: public; Owner: reflio_user
--

CREATE TABLE public.reflio_django_app_product (
    product_id character varying(255) NOT NULL,
    active boolean NOT NULL,
    name character varying(255) NOT NULL,
    description text NOT NULL,
    image character varying(200) NOT NULL,
    metadata jsonb NOT NULL
);


ALTER TABLE public.reflio_django_app_product OWNER TO reflio_user;

--
-- Name: reflio_django_app_referral; Type: TABLE; Schema: public; Owner: reflio_user
--

CREATE TABLE public.reflio_django_app_referral (
    team_id text NOT NULL,
    referral_id text NOT NULL,
    affiliate_code text,
    campaign_id text,
    company_id text,
    referral_reference_email text,
    commission_type text,
    commission_value integer,
    cookie_window integer NOT NULL,
    commission_period integer NOT NULL,
    minimum_days_payout integer NOT NULL,
    referral_converted boolean NOT NULL,
    referral_expiry text,
    created timestamp with time zone NOT NULL,
    affiliate_id_id uuid NOT NULL,
    user_id integer NOT NULL
);


ALTER TABLE public.reflio_django_app_referral OWNER TO reflio_user;

--
-- Name: reflio_django_app_subscription; Type: TABLE; Schema: public; Owner: reflio_user
--

CREATE TABLE public.reflio_django_app_subscription (
    id character varying(255) NOT NULL,
    status character varying(20) NOT NULL,
    team_id integer NOT NULL,
    user_id integer NOT NULL
);


ALTER TABLE public.reflio_django_app_subscription OWNER TO reflio_user;

--
-- Name: reflio_django_app_team; Type: TABLE; Schema: public; Owner: reflio_user
--

CREATE TABLE public.reflio_django_app_team (
    user_id integer NOT NULL,
    team_id uuid NOT NULL,
    team_name character varying(255),
    billing_address jsonb,
    payment_method jsonb,
    created timestamp with time zone NOT NULL
);


ALTER TABLE public.reflio_django_app_team OWNER TO reflio_user;

--
-- Name: reflio_django_app_userdetails; Type: TABLE; Schema: public; Owner: reflio_user
--

CREATE TABLE public.reflio_django_app_userdetails (
    id bigint NOT NULL,
    user_id integer NOT NULL
);


ALTER TABLE public.reflio_django_app_userdetails OWNER TO reflio_user;

--
-- Name: reflio_django_app_userdetails_id_seq; Type: SEQUENCE; Schema: public; Owner: reflio_user
--

ALTER TABLE public.reflio_django_app_userdetails ALTER COLUMN id ADD GENERATED BY DEFAULT AS IDENTITY (
    SEQUENCE NAME public.reflio_django_app_userdetails_id_seq
    START WITH 1
    INCREMENT BY 1
    NO MINVALUE
    NO MAXVALUE
    CACHE 1
);


--
-- Name: reflio_django_app_userprofile; Type: TABLE; Schema: public; Owner: reflio_user
--

CREATE TABLE public.reflio_django_app_userprofile (
    user_id integer NOT NULL,
    username character varying(150) NOT NULL,
    full_name character varying(150) NOT NULL,
    avatar_url character varying(200),
    email character varying(254) NOT NULL,
    paypal_email character varying(254),
    user_type character varying(10) NOT NULL,
    team_id integer
);


ALTER TABLE public.reflio_django_app_userprofile OWNER TO reflio_user;

--
-- Data for Name: auth_group; Type: TABLE DATA; Schema: public; Owner: reflio_user
--

COPY public.auth_group (id, name) FROM stdin;
1	User
\.


--
-- Data for Name: auth_group_permissions; Type: TABLE DATA; Schema: public; Owner: reflio_user
--

COPY public.auth_group_permissions (id, group_id, permission_id) FROM stdin;
2	1	97
3	1	98
74	1	71
75	1	72
\.


--
-- Data for Name: auth_permission; Type: TABLE DATA; Schema: public; Owner: reflio_user
--

COPY public.auth_permission (id, name, content_type_id, codename) FROM stdin;
1	Can add log entry	1	add_logentry
2	Can change log entry	1	change_logentry
3	Can delete log entry	1	delete_logentry
4	Can view log entry	1	view_logentry
5	Can add permission	2	add_permission
6	Can change permission	2	change_permission
7	Can delete permission	2	delete_permission
8	Can view permission	2	view_permission
9	Can add group	3	add_group
10	Can change group	3	change_group
11	Can delete group	3	delete_group
12	Can view group	3	view_group
13	Can add user	4	add_user
14	Can change user	4	change_user
15	Can delete user	4	delete_user
16	Can view user	4	view_user
17	Can add content type	5	add_contenttype
18	Can change content type	5	change_contenttype
19	Can delete content type	5	delete_contenttype
20	Can view content type	5	view_contenttype
21	Can add session	6	add_session
22	Can change session	6	change_session
23	Can delete session	6	delete_session
24	Can view session	6	view_session
25	Can add affiliate	7	add_affiliate
26	Can change affiliate	7	change_affiliate
27	Can delete affiliate	7	delete_affiliate
28	Can view affiliate	7	view_affiliate
29	Can add campaign	8	add_campaign
30	Can change campaign	8	change_campaign
31	Can delete campaign	8	delete_campaign
32	Can view campaign	8	view_campaign
33	Can add product	9	add_product
34	Can change product	9	change_product
35	Can delete product	9	delete_product
36	Can view product	9	view_product
37	Can add team	10	add_team
38	Can change team	10	change_team
39	Can delete team	10	delete_team
40	Can view team	10	view_team
41	Can add user profile	11	add_userprofile
42	Can change user profile	11	change_userprofile
43	Can delete user profile	11	delete_userprofile
44	Can view user profile	11	view_userprofile
45	Can add subscription	12	add_subscription
46	Can change subscription	12	change_subscription
47	Can delete subscription	12	delete_subscription
48	Can view subscription	12	view_subscription
49	Can add referral	13	add_referral
50	Can change referral	13	change_referral
51	Can delete referral	13	delete_referral
52	Can view referral	13	view_referral
53	Can add price	14	add_price
54	Can change price	14	change_price
55	Can delete price	14	delete_price
56	Can view price	14	view_price
57	Can add member	15	add_member
58	Can change member	15	change_member
59	Can delete member	15	delete_member
60	Can view member	15	view_member
61	Can add invite	16	add_invite
62	Can change invite	16	change_invite
63	Can delete invite	16	delete_invite
64	Can view invite	16	view_invite
65	Can add customer	17	add_customer
66	Can change customer	17	change_customer
67	Can delete customer	17	delete_customer
68	Can view customer	17	view_customer
69	Can add company	18	add_company
70	Can change company	18	change_company
71	Can delete company	18	delete_company
72	Can view company	18	view_company
73	Can add commission	19	add_commission
74	Can change commission	19	change_commission
75	Can delete commission	19	delete_commission
76	Can view commission	19	view_commission
77	Can add asset	20	add_asset
78	Can change asset	20	change_asset
79	Can delete asset	20	delete_asset
80	Can view asset	20	view_asset
81	Can add user details	21	add_userdetails
82	Can change user details	21	change_userdetails
83	Can delete user details	21	delete_userdetails
84	Can view user details	21	view_userdetails
85	Can add Token	22	add_token
86	Can change Token	22	change_token
87	Can delete Token	22	delete_token
88	Can view Token	22	view_token
89	Can add token	23	add_tokenproxy
90	Can change token	23	change_tokenproxy
91	Can delete token	23	delete_tokenproxy
92	Can view token	23	view_tokenproxy
96	Can add company	18	custom_add_company
97	Can change company	18	custom_change_company
98	Can delete company	18	custom_delete_company
\.


--
-- Data for Name: auth_user; Type: TABLE DATA; Schema: public; Owner: reflio_user
--

COPY public.auth_user (id, password, last_login, is_superuser, username, first_name, last_name, email, is_staff, is_active, date_joined) FROM stdin;
1	pbkdf2_sha256$390000$5zxxc9MwesoLTL3xF9sMkB$RNzCYmm20glgWKbgF1q0AlF3F7iCs5JJ2fzJE1Jo5rg=	2024-04-22 15:42:31.945863-04	f	milad.mohammadint@proton.me				f	t	2024-04-22 15:42:31.701216-04
10	pbkdf2_sha256$390000$rt1KCdAQ6nNvVguK335kuH$asUAp9IRlcNpNdzGQdZEq5xZyU/g4zM4RaMXHpTTLxc=	2024-04-24 17:28:05.686928-04	f	testid4@testid4.com				f	t	2024-04-24 17:27:43.971639-04
11	pbkdf2_sha256$390000$dix8YyveqLDOqYkbzvM9cE$zwe6sQ4lcCVbbuXCtOdud7wGcTTx6u5XJbKBkCRu8t8=	2024-04-24 17:29:43.756866-04	f	testid5@testid5.com				f	t	2024-04-24 17:29:26.66116-04
13	pbkdf2_sha256$390000$HUWCtHbczsgJQS0FLNdh1O$wKrVJKzqZRAEwhMryrdzJ08bqWu3VfBN0XK5qFYpbVM=	2024-05-23 16:40:23.091532-04	f	testid7@testid7.com				f	t	2024-05-23 16:40:22.812001-04
3	pbkdf2_sha256$390000$08w0FXJzqEk3mW1vsMaz8s$Lh1Kz+MxS/3OG8H2qeY+LxgKyCQkRBa6+l3xw18IKFY=	2024-04-24 07:51:04.036496-04	f	mehrbodrocks@test.com				f	t	2024-04-22 16:58:04-04
4	pbkdf2_sha256$390000$uDCzdLyJXNIiOGnjVFiWDc$y8kYdlTlLrGNOJ071xMAMmrTTacaqtd9kqCZ+5JUmL4=	2024-04-25 05:35:22.659552-04	t	reflio_user			reflio_user@test.com	t	t	2024-04-23 16:24:10.9439-04
5	pbkdf2_sha256$390000$eo7w3quurJWcb0p1JxI6h6$KMUNMkSHMHeBXE9ddIt2n3//W4PgjLr0AspV5Q1pBIU=	2024-04-24 08:39:47.195465-04	f	tester@test.com				f	t	2024-04-24 08:09:01.543871-04
6	pbkdf2_sha256$390000$wdWq0YELUew0lAn5uPCUuo$8qYJRvdwVKg7CA4I/4OB6zEjIm1v2+oi+ujQ6w5Qou4=	\N	f	teamid@teamid.com				f	t	2024-04-24 09:17:57.605079-04
7	pbkdf2_sha256$390000$kGHgDysehTGuERbZsCdE5P$Pu0TFQvE0NwnmUiAasgdY4chIOBSSOtcLAeQmwzgPDI=	2024-04-24 09:20:43.677987-04	f	teamid2@teamid2.com				f	t	2024-04-24 09:20:43.449566-04
2	pbkdf2_sha256$390000$9jW5XR4iUW0Pmvai1ecNYv$0xLtJqHHjn4CuCHI9lq8lT9WYCgl/4d2/7C25YSyLKY=	2024-04-24 09:29:38.666218-04	f	test@test.com				f	t	2024-04-22 15:44:19.487554-04
12	pbkdf2_sha256$390000$bs6eTyP7icBY1TOCP9WCet$htXLW3ffXd3K8+d1XiyARhvON/BNTDUnQ+ptCAHlgZ8=	2024-05-27 13:04:10.80765-04	f	testid6@testid6.com				f	t	2024-04-24 17:32:49-04
8	pbkdf2_sha256$390000$bqgB2gQa6Hw74xN4xxaE4B$TakqVOlDALAzEdmQg2sDqJmeqp344TZKA+0kuRt436Y=	2024-04-24 16:35:02.335469-04	f	testid2@testid2.com				f	t	2024-04-24 09:29:56.96173-04
9	pbkdf2_sha256$390000$MtonrwmikNaTcBrwM6ws67$lON5H5RlkVGI3lCpfxx/MJvzwC6jpiFZKNtku/Eo6TQ=	2024-04-24 17:22:43.300305-04	f	testid3@testid3.com				f	t	2024-04-24 17:18:04.585194-04
\.


--
-- Data for Name: auth_user_groups; Type: TABLE DATA; Schema: public; Owner: reflio_user
--

COPY public.auth_user_groups (id, user_id, group_id) FROM stdin;
1	13	1
\.


--
-- Data for Name: auth_user_user_permissions; Type: TABLE DATA; Schema: public; Owner: reflio_user
--

COPY public.auth_user_user_permissions (id, user_id, permission_id) FROM stdin;
1	3	1
2	3	2
3	3	3
4	3	4
5	3	5
6	3	6
7	3	7
8	3	8
9	3	9
10	3	10
11	3	11
12	3	12
13	3	13
14	3	14
15	3	15
16	3	16
17	3	17
18	3	18
19	3	19
20	3	20
21	3	21
22	3	22
23	3	23
24	3	24
25	3	25
26	3	26
27	3	27
28	3	28
29	3	29
30	3	30
31	3	31
32	3	32
33	3	33
34	3	34
35	3	35
36	3	36
37	3	37
38	3	38
39	3	39
40	3	40
41	3	41
42	3	42
43	3	43
44	3	44
45	3	45
46	3	46
47	3	47
48	3	48
49	3	49
50	3	50
51	3	51
52	3	52
53	3	53
54	3	54
55	3	55
56	3	56
57	3	57
58	3	58
59	3	59
60	3	60
61	3	61
62	3	62
63	3	63
64	3	64
65	3	65
66	3	66
67	3	67
68	3	68
69	3	69
70	3	70
71	3	71
72	3	72
73	3	73
74	3	74
75	3	75
76	3	76
77	3	77
78	3	78
79	3	79
80	3	80
81	3	81
82	3	82
83	3	83
84	3	84
85	3	85
86	3	86
87	3	87
88	3	88
89	3	89
90	3	90
91	3	91
92	3	92
93	12	96
94	12	97
95	12	98
96	12	69
97	12	70
98	12	71
99	12	72
100	12	1
101	12	2
102	12	3
103	12	4
104	12	5
105	12	6
106	12	7
107	12	8
108	12	9
109	12	10
110	12	11
111	12	12
112	12	13
113	12	14
114	12	15
115	12	16
116	12	17
117	12	18
118	12	19
119	12	20
120	12	21
121	12	22
122	12	23
123	12	24
124	12	25
125	12	26
126	12	27
127	12	28
128	12	29
129	12	30
130	12	31
131	12	32
132	12	33
133	12	34
134	12	35
135	12	36
136	12	37
137	12	38
138	12	39
139	12	40
140	12	41
141	12	42
142	12	43
143	12	44
144	12	45
145	12	46
146	12	47
147	12	48
148	12	49
149	12	50
150	12	51
151	12	52
152	12	53
153	12	54
154	12	55
155	12	56
156	12	57
157	12	58
158	12	59
159	12	60
160	12	61
161	12	62
162	12	63
163	12	64
164	12	65
165	12	66
166	12	67
167	12	68
168	12	73
169	12	74
170	12	75
171	12	76
172	12	77
173	12	78
174	12	79
175	12	80
176	12	81
177	12	82
178	12	83
179	12	84
180	12	85
181	12	86
182	12	87
183	12	88
184	12	89
185	12	90
186	12	91
187	12	92
\.


--
-- Data for Name: authtoken_token; Type: TABLE DATA; Schema: public; Owner: reflio_user
--

COPY public.authtoken_token (key, created, user_id) FROM stdin;
8b22c7849563ad00c1d7c6ef45c8653e8705dc51	2024-04-23 15:33:01.960151-04	3
1a666e4fb0c9e4f9187e05dc7ee7857509cd108d	2024-04-24 08:09:01.799411-04	5
f097a4aa61d3ea50a588f61cf8cee05686ae8c2e	2024-04-24 09:20:43.687379-04	7
61f5c0c0707a979343650999bc895c95c7778466	2024-04-24 09:29:38.67357-04	2
921d4f4e22e929cccc0fccac2066ea8c01166670	2024-04-24 09:29:57.189914-04	8
44543ffe4b962761686e08e3c780722daacd85b2	2024-04-24 17:18:04.857003-04	9
e2dcef688200b5c1e16027ea22cf6e21e174dbc3	2024-04-24 17:27:44.208471-04	10
256126a6566664ea70a4ef25c9ebf4d03a548a54	2024-04-24 17:29:26.899794-04	11
0a8c1a6a63377444077f95588b8f16e0705a18a7	2024-04-24 17:32:49.462763-04	12
95aa74ff6538fb67bbf7f609724634625388d79c	2024-05-23 16:40:23.106192-04	13
\.


--
-- Data for Name: django_admin_log; Type: TABLE DATA; Schema: public; Owner: reflio_user
--

COPY public.django_admin_log (id, action_time, object_id, object_repr, action_flag, change_message, content_type_id, user_id) FROM stdin;
1	2024-04-23 16:27:52.965247-04	3	mehrbodrocks@test.com	2	[{"changed": {"fields": ["User permissions"]}}]	4	4
2	2024-04-24 17:21:56.982263-04	1	User	2	[{"changed": {"fields": ["Permissions"]}}]	3	4
3	2024-04-24 17:27:28.228788-04	1	User	2	[{"changed": {"fields": ["Permissions"]}}]	3	4
4	2024-04-25 05:23:49.667814-04	12	testid6@testid6.com	2	[{"changed": {"fields": ["User permissions"]}}]	4	4
5	2024-04-25 05:35:35.875136-04	12	testid6@testid6.com	2	[{"changed": {"fields": ["User permissions"]}}]	4	4
\.


--
-- Data for Name: django_content_type; Type: TABLE DATA; Schema: public; Owner: reflio_user
--

COPY public.django_content_type (id, app_label, model) FROM stdin;
1	admin	logentry
2	auth	permission
3	auth	group
4	auth	user
5	contenttypes	contenttype
6	sessions	session
7	reflio_django_app	affiliate
8	reflio_django_app	campaign
9	reflio_django_app	product
10	reflio_django_app	team
11	reflio_django_app	userprofile
12	reflio_django_app	subscription
13	reflio_django_app	referral
14	reflio_django_app	price
15	reflio_django_app	member
16	reflio_django_app	invite
17	reflio_django_app	customer
18	reflio_django_app	company
19	reflio_django_app	commission
20	reflio_django_app	asset
21	reflio_django_app	userdetails
22	authtoken	token
23	authtoken	tokenproxy
\.


--
-- Data for Name: django_migrations; Type: TABLE DATA; Schema: public; Owner: reflio_user
--

COPY public.django_migrations (id, app, name, applied) FROM stdin;
1	contenttypes	0001_initial	2024-04-20 04:59:33.147395-04
2	auth	0001_initial	2024-04-20 04:59:33.222534-04
3	admin	0001_initial	2024-04-20 04:59:33.245788-04
4	admin	0002_logentry_remove_auto_add	2024-04-20 04:59:33.25228-04
5	admin	0003_logentry_add_action_flag_choices	2024-04-20 04:59:33.258809-04
6	contenttypes	0002_remove_content_type_name	2024-04-20 04:59:33.27279-04
7	auth	0002_alter_permission_name_max_length	2024-04-20 04:59:33.279267-04
8	auth	0003_alter_user_email_max_length	2024-04-20 04:59:33.285389-04
9	auth	0004_alter_user_username_opts	2024-04-20 04:59:33.291359-04
10	auth	0005_alter_user_last_login_null	2024-04-20 04:59:33.298233-04
11	auth	0006_require_contenttypes_0002	2024-04-20 04:59:33.300013-04
12	auth	0007_alter_validators_add_error_messages	2024-04-20 04:59:33.305382-04
13	auth	0008_alter_user_username_max_length	2024-04-20 04:59:33.316508-04
14	auth	0009_alter_user_last_name_max_length	2024-04-20 04:59:33.322018-04
15	auth	0010_alter_group_name_max_length	2024-04-20 04:59:33.329957-04
16	auth	0011_update_proxy_permissions	2024-04-20 04:59:33.335561-04
17	auth	0012_alter_user_first_name_max_length	2024-04-20 04:59:33.341119-04
18	reflio_django_app	0001_initial	2024-04-20 04:59:33.626446-04
22	sessions	0001_initial	2024-04-20 04:59:33.689582-04
23	authtoken	0001_initial	2024-04-23 10:28:32.550833-04
24	authtoken	0002_auto_20160226_1747	2024-04-23 10:28:32.602824-04
25	authtoken	0003_tokenproxy	2024-04-23 10:28:32.605597-04
32	reflio_django_app	0002_alter_affiliate_table_alter_referral_table	2024-05-27 05:23:21.897858-04
33	reflio_django_app	0003_userdetails	2024-05-27 05:23:30.668839-04
34	reflio_django_app	0004_alter_company_company_id	2024-05-27 05:23:35.898687-04
35	reflio_django_app	0005_alter_company_options_alter_team_team_id	2024-05-27 05:23:40.679315-04
38	reflio_django_app	0006_alter_campaign_campaign_id_alter_campaign_user	2024-05-27 06:14:48.512844-04
39	reflio_django_app	0007_alter_affiliate_affiliate_id_alter_campaign_user	2024-05-27 06:14:48.554904-04
40	reflio_django_app	0008_alter_affiliate_affiliate_id_alter_member_member_id	2024-05-27 12:13:42.726695-04
41	reflio_django_app	0009_remove_affiliate_team_id_affiliate_team	2024-05-27 13:02:51.779325-04
42	reflio_django_app	0010_affiliate_id_member_id_alter_affiliate_affiliate_id_and_more	2024-05-27 13:02:51.846439-04
\.


--
-- Data for Name: django_session; Type: TABLE DATA; Schema: public; Owner: reflio_user
--

COPY public.django_session (session_key, session_data, expire_date) FROM stdin;
\.


--
-- Data for Name: reflio_django_app_affiliate; Type: TABLE DATA; Schema: public; Owner: reflio_user
--

COPY public.reflio_django_app_affiliate (affiliate_id, invite_email, invited_user_id, campaign_id, company_id, accepted, created, impressions, referral_code, user_id, team_id, id) FROM stdin;
\.


--
-- Data for Name: reflio_django_app_asset; Type: TABLE DATA; Schema: public; Owner: reflio_user
--

COPY public.reflio_django_app_asset (asset_id, file_name, file_custom_name, file_size, created, company_id, team_id, user_id) FROM stdin;
\.


--
-- Data for Name: reflio_django_app_campaign; Type: TABLE DATA; Schema: public; Owner: reflio_user
--

COPY public.reflio_django_app_campaign (campaign_id, campaign_name, commission_type, commission_value, cookie_window, commission_period, default_campaign, campaign_public, minimum_days_payout, discount_code, discount_value, discount_type, custom_campaign_data, created, company_id, team_id, user_id) FROM stdin;
\.


--
-- Data for Name: reflio_django_app_commission; Type: TABLE DATA; Schema: public; Owner: reflio_user
--

COPY public.reflio_django_app_commission (commission_id, payment_intent_id, commission_sale_value, commission_refund_value, paid_at, reflio_commission_paid, commission_total, commission_due_date, commission_description, created, affiliate_id, campaign_id, company_id, referral_id) FROM stdin;
\.


--
-- Data for Name: reflio_django_app_company; Type: TABLE DATA; Schema: public; Owner: reflio_user
--

COPY public.reflio_django_app_company (company_id, company_name, company_url, company_image, company_meta, company_currency, company_handle, company_affiliates, stripe_account_data, domain_verified, stripe_id, active_company, created, team_id, user_id) FROM stdin;
a08cfa98-05db-4407-a1d6-de69678c2a89	test	test.com	\N	\N		test	\N	\N	f	\N	f	2024-05-18 07:02:39.985961-04	12	12
a392a471-912d-483c-afca-2877a0ff1364	test2	test2.com	\N	\N		test2	\N	\N	f	\N	f	2024-05-23 16:40:37.396206-04	13	13
\.


--
-- Data for Name: reflio_django_app_customer; Type: TABLE DATA; Schema: public; Owner: reflio_user
--

COPY public.reflio_django_app_customer (id, stripe_customer_id, team_id, user_id) FROM stdin;
\.


--
-- Data for Name: reflio_django_app_invite; Type: TABLE DATA; Schema: public; Owner: reflio_user
--

COPY public.reflio_django_app_invite (id, invite_id, email, accepted, created, team_id, user_id) FROM stdin;
\.


--
-- Data for Name: reflio_django_app_member; Type: TABLE DATA; Schema: public; Owner: reflio_user
--

COPY public.reflio_django_app_member (member_id, created, member_team_id, member_user_id, id) FROM stdin;
\.


--
-- Data for Name: reflio_django_app_price; Type: TABLE DATA; Schema: public; Owner: reflio_user
--

COPY public.reflio_django_app_price (id, active, description, unit_amount, currency, type, "interval", interval_count, trial_period_days, metadata, product_id) FROM stdin;
\.


--
-- Data for Name: reflio_django_app_product; Type: TABLE DATA; Schema: public; Owner: reflio_user
--

COPY public.reflio_django_app_product (product_id, active, name, description, image, metadata) FROM stdin;
\.


--
-- Data for Name: reflio_django_app_referral; Type: TABLE DATA; Schema: public; Owner: reflio_user
--

COPY public.reflio_django_app_referral (team_id, referral_id, affiliate_code, campaign_id, company_id, referral_reference_email, commission_type, commission_value, cookie_window, commission_period, minimum_days_payout, referral_converted, referral_expiry, created, affiliate_id_id, user_id) FROM stdin;
\.


--
-- Data for Name: reflio_django_app_subscription; Type: TABLE DATA; Schema: public; Owner: reflio_user
--

COPY public.reflio_django_app_subscription (id, status, team_id, user_id) FROM stdin;
\.


--
-- Data for Name: reflio_django_app_team; Type: TABLE DATA; Schema: public; Owner: reflio_user
--

COPY public.reflio_django_app_team (user_id, team_id, team_name, billing_address, payment_method, created) FROM stdin;
7	0341b456-9371-4a6c-8496-03580da850b7	\N	\N	\N	2024-04-24 09:20:43.660798-04
8	70289c4a-f210-4fb9-97c8-7db3c26a1080	\N	\N	\N	2024-04-24 09:29:57.179057-04
9	16056f9a-eb9c-4410-a1ec-a807ba4afd14	\N	\N	\N	2024-04-24 17:18:04.811614-04
10	a486aa1c-6764-41db-8452-02d110302b80	\N	\N	\N	2024-04-24 17:27:44.202348-04
11	c188239e-013f-46bc-b4ff-e8edaa7e00a0	\N	\N	\N	2024-04-24 17:29:26.89402-04
12	952aab9f-77ad-481f-87b9-4248f9f91fd0	\N	\N	\N	2024-04-24 17:32:49.449941-04
13	d391280d-6006-435e-ace7-c045b567c003	\N	\N	\N	2024-05-23 16:40:23.086008-04
\.


--
-- Data for Name: reflio_django_app_userdetails; Type: TABLE DATA; Schema: public; Owner: reflio_user
--

COPY public.reflio_django_app_userdetails (id, user_id) FROM stdin;
1	5
2	6
3	7
4	8
5	9
6	10
7	11
8	12
9	13
\.


--
-- Data for Name: reflio_django_app_userprofile; Type: TABLE DATA; Schema: public; Owner: reflio_user
--

COPY public.reflio_django_app_userprofile (user_id, username, full_name, avatar_url, email, paypal_email, user_type, team_id) FROM stdin;
\.


--
-- Name: auth_group_id_seq; Type: SEQUENCE SET; Schema: public; Owner: reflio_user
--

SELECT pg_catalog.setval('public.auth_group_id_seq', 1, true);


--
-- Name: auth_group_permissions_id_seq; Type: SEQUENCE SET; Schema: public; Owner: reflio_user
--

SELECT pg_catalog.setval('public.auth_group_permissions_id_seq', 95, true);


--
-- Name: auth_permission_id_seq; Type: SEQUENCE SET; Schema: public; Owner: reflio_user
--

SELECT pg_catalog.setval('public.auth_permission_id_seq', 99, true);


--
-- Name: auth_user_groups_id_seq; Type: SEQUENCE SET; Schema: public; Owner: reflio_user
--

SELECT pg_catalog.setval('public.auth_user_groups_id_seq', 1, true);


--
-- Name: auth_user_id_seq; Type: SEQUENCE SET; Schema: public; Owner: reflio_user
--

SELECT pg_catalog.setval('public.auth_user_id_seq', 13, true);


--
-- Name: auth_user_user_permissions_id_seq; Type: SEQUENCE SET; Schema: public; Owner: reflio_user
--

SELECT pg_catalog.setval('public.auth_user_user_permissions_id_seq', 187, true);


--
-- Name: django_admin_log_id_seq; Type: SEQUENCE SET; Schema: public; Owner: reflio_user
--

SELECT pg_catalog.setval('public.django_admin_log_id_seq', 5, true);


--
-- Name: django_content_type_id_seq; Type: SEQUENCE SET; Schema: public; Owner: reflio_user
--

SELECT pg_catalog.setval('public.django_content_type_id_seq', 23, true);


--
-- Name: django_migrations_id_seq; Type: SEQUENCE SET; Schema: public; Owner: reflio_user
--

SELECT pg_catalog.setval('public.django_migrations_id_seq', 42, true);


--
-- Name: reflio_django_app_affiliate_id_seq; Type: SEQUENCE SET; Schema: public; Owner: reflio_user
--

SELECT pg_catalog.setval('public.reflio_django_app_affiliate_id_seq', 1, false);


--
-- Name: reflio_django_app_customer_id_seq; Type: SEQUENCE SET; Schema: public; Owner: reflio_user
--

SELECT pg_catalog.setval('public.reflio_django_app_customer_id_seq', 1, false);


--
-- Name: reflio_django_app_invite_id_seq; Type: SEQUENCE SET; Schema: public; Owner: reflio_user
--

SELECT pg_catalog.setval('public.reflio_django_app_invite_id_seq', 1, false);


--
-- Name: reflio_django_app_member_id_seq; Type: SEQUENCE SET; Schema: public; Owner: reflio_user
--

SELECT pg_catalog.setval('public.reflio_django_app_member_id_seq', 1, false);


--
-- Name: reflio_django_app_userdetails_id_seq; Type: SEQUENCE SET; Schema: public; Owner: reflio_user
--

SELECT pg_catalog.setval('public.reflio_django_app_userdetails_id_seq', 9, true);


--
-- Name: auth_group auth_group_name_key; Type: CONSTRAINT; Schema: public; Owner: reflio_user
--

ALTER TABLE ONLY public.auth_group
    ADD CONSTRAINT auth_group_name_key UNIQUE (name);


--
-- Name: auth_group_permissions auth_group_permissions_group_id_permission_id_0cd325b0_uniq; Type: CONSTRAINT; Schema: public; Owner: reflio_user
--

ALTER TABLE ONLY public.auth_group_permissions
    ADD CONSTRAINT auth_group_permissions_group_id_permission_id_0cd325b0_uniq UNIQUE (group_id, permission_id);


--
-- Name: auth_group_permissions auth_group_permissions_pkey; Type: CONSTRAINT; Schema: public; Owner: reflio_user
--

ALTER TABLE ONLY public.auth_group_permissions
    ADD CONSTRAINT auth_group_permissions_pkey PRIMARY KEY (id);


--
-- Name: auth_group auth_group_pkey; Type: CONSTRAINT; Schema: public; Owner: reflio_user
--

ALTER TABLE ONLY public.auth_group
    ADD CONSTRAINT auth_group_pkey PRIMARY KEY (id);


--
-- Name: auth_permission auth_permission_content_type_id_codename_01ab375a_uniq; Type: CONSTRAINT; Schema: public; Owner: reflio_user
--

ALTER TABLE ONLY public.auth_permission
    ADD CONSTRAINT auth_permission_content_type_id_codename_01ab375a_uniq UNIQUE (content_type_id, codename);


--
-- Name: auth_permission auth_permission_pkey; Type: CONSTRAINT; Schema: public; Owner: reflio_user
--

ALTER TABLE ONLY public.auth_permission
    ADD CONSTRAINT auth_permission_pkey PRIMARY KEY (id);


--
-- Name: auth_user_groups auth_user_groups_pkey; Type: CONSTRAINT; Schema: public; Owner: reflio_user
--

ALTER TABLE ONLY public.auth_user_groups
    ADD CONSTRAINT auth_user_groups_pkey PRIMARY KEY (id);


--
-- Name: auth_user_groups auth_user_groups_user_id_group_id_94350c0c_uniq; Type: CONSTRAINT; Schema: public; Owner: reflio_user
--

ALTER TABLE ONLY public.auth_user_groups
    ADD CONSTRAINT auth_user_groups_user_id_group_id_94350c0c_uniq UNIQUE (user_id, group_id);


--
-- Name: auth_user auth_user_pkey; Type: CONSTRAINT; Schema: public; Owner: reflio_user
--

ALTER TABLE ONLY public.auth_user
    ADD CONSTRAINT auth_user_pkey PRIMARY KEY (id);


--
-- Name: auth_user_user_permissions auth_user_user_permissions_pkey; Type: CONSTRAINT; Schema: public; Owner: reflio_user
--

ALTER TABLE ONLY public.auth_user_user_permissions
    ADD CONSTRAINT auth_user_user_permissions_pkey PRIMARY KEY (id);


--
-- Name: auth_user_user_permissions auth_user_user_permissions_user_id_permission_id_14a6b632_uniq; Type: CONSTRAINT; Schema: public; Owner: reflio_user
--

ALTER TABLE ONLY public.auth_user_user_permissions
    ADD CONSTRAINT auth_user_user_permissions_user_id_permission_id_14a6b632_uniq UNIQUE (user_id, permission_id);


--
-- Name: auth_user auth_user_username_key; Type: CONSTRAINT; Schema: public; Owner: reflio_user
--

ALTER TABLE ONLY public.auth_user
    ADD CONSTRAINT auth_user_username_key UNIQUE (username);


--
-- Name: authtoken_token authtoken_token_pkey; Type: CONSTRAINT; Schema: public; Owner: reflio_user
--

ALTER TABLE ONLY public.authtoken_token
    ADD CONSTRAINT authtoken_token_pkey PRIMARY KEY (key);


--
-- Name: authtoken_token authtoken_token_user_id_key; Type: CONSTRAINT; Schema: public; Owner: reflio_user
--

ALTER TABLE ONLY public.authtoken_token
    ADD CONSTRAINT authtoken_token_user_id_key UNIQUE (user_id);


--
-- Name: django_admin_log django_admin_log_pkey; Type: CONSTRAINT; Schema: public; Owner: reflio_user
--

ALTER TABLE ONLY public.django_admin_log
    ADD CONSTRAINT django_admin_log_pkey PRIMARY KEY (id);


--
-- Name: django_content_type django_content_type_app_label_model_76bd3d3b_uniq; Type: CONSTRAINT; Schema: public; Owner: reflio_user
--

ALTER TABLE ONLY public.django_content_type
    ADD CONSTRAINT django_content_type_app_label_model_76bd3d3b_uniq UNIQUE (app_label, model);


--
-- Name: django_content_type django_content_type_pkey; Type: CONSTRAINT; Schema: public; Owner: reflio_user
--

ALTER TABLE ONLY public.django_content_type
    ADD CONSTRAINT django_content_type_pkey PRIMARY KEY (id);


--
-- Name: django_migrations django_migrations_pkey; Type: CONSTRAINT; Schema: public; Owner: reflio_user
--

ALTER TABLE ONLY public.django_migrations
    ADD CONSTRAINT django_migrations_pkey PRIMARY KEY (id);


--
-- Name: django_session django_session_pkey; Type: CONSTRAINT; Schema: public; Owner: reflio_user
--

ALTER TABLE ONLY public.django_session
    ADD CONSTRAINT django_session_pkey PRIMARY KEY (session_key);


--
-- Name: reflio_django_app_referral referrals_pkey; Type: CONSTRAINT; Schema: public; Owner: reflio_user
--

ALTER TABLE ONLY public.reflio_django_app_referral
    ADD CONSTRAINT referrals_pkey PRIMARY KEY (referral_id);


--
-- Name: reflio_django_app_affiliate reflio_django_app_affiliate_pkey; Type: CONSTRAINT; Schema: public; Owner: reflio_user
--

ALTER TABLE ONLY public.reflio_django_app_affiliate
    ADD CONSTRAINT reflio_django_app_affiliate_pkey PRIMARY KEY (id);


--
-- Name: reflio_django_app_asset reflio_django_app_asset_pkey; Type: CONSTRAINT; Schema: public; Owner: reflio_user
--

ALTER TABLE ONLY public.reflio_django_app_asset
    ADD CONSTRAINT reflio_django_app_asset_pkey PRIMARY KEY (asset_id);


--
-- Name: reflio_django_app_asset reflio_django_app_asset_user_id_key; Type: CONSTRAINT; Schema: public; Owner: reflio_user
--

ALTER TABLE ONLY public.reflio_django_app_asset
    ADD CONSTRAINT reflio_django_app_asset_user_id_key UNIQUE (user_id);


--
-- Name: reflio_django_app_campaign reflio_django_app_campaign_pkey; Type: CONSTRAINT; Schema: public; Owner: reflio_user
--

ALTER TABLE ONLY public.reflio_django_app_campaign
    ADD CONSTRAINT reflio_django_app_campaign_pkey PRIMARY KEY (campaign_id);


--
-- Name: reflio_django_app_commission reflio_django_app_commission_pkey; Type: CONSTRAINT; Schema: public; Owner: reflio_user
--

ALTER TABLE ONLY public.reflio_django_app_commission
    ADD CONSTRAINT reflio_django_app_commission_pkey PRIMARY KEY (commission_id);


--
-- Name: reflio_django_app_company reflio_django_app_company_company_handle_key; Type: CONSTRAINT; Schema: public; Owner: reflio_user
--

ALTER TABLE ONLY public.reflio_django_app_company
    ADD CONSTRAINT reflio_django_app_company_company_handle_key UNIQUE (company_handle);


--
-- Name: reflio_django_app_company reflio_django_app_company_pkey; Type: CONSTRAINT; Schema: public; Owner: reflio_user
--

ALTER TABLE ONLY public.reflio_django_app_company
    ADD CONSTRAINT reflio_django_app_company_pkey PRIMARY KEY (company_id);


--
-- Name: reflio_django_app_company reflio_django_app_company_user_id_key; Type: CONSTRAINT; Schema: public; Owner: reflio_user
--

ALTER TABLE ONLY public.reflio_django_app_company
    ADD CONSTRAINT reflio_django_app_company_user_id_key UNIQUE (user_id);


--
-- Name: reflio_django_app_customer reflio_django_app_customer_pkey; Type: CONSTRAINT; Schema: public; Owner: reflio_user
--

ALTER TABLE ONLY public.reflio_django_app_customer
    ADD CONSTRAINT reflio_django_app_customer_pkey PRIMARY KEY (id);


--
-- Name: reflio_django_app_customer reflio_django_app_customer_user_id_key; Type: CONSTRAINT; Schema: public; Owner: reflio_user
--

ALTER TABLE ONLY public.reflio_django_app_customer
    ADD CONSTRAINT reflio_django_app_customer_user_id_key UNIQUE (user_id);


--
-- Name: reflio_django_app_invite reflio_django_app_invite_invite_id_key; Type: CONSTRAINT; Schema: public; Owner: reflio_user
--

ALTER TABLE ONLY public.reflio_django_app_invite
    ADD CONSTRAINT reflio_django_app_invite_invite_id_key UNIQUE (invite_id);


--
-- Name: reflio_django_app_invite reflio_django_app_invite_pkey; Type: CONSTRAINT; Schema: public; Owner: reflio_user
--

ALTER TABLE ONLY public.reflio_django_app_invite
    ADD CONSTRAINT reflio_django_app_invite_pkey PRIMARY KEY (id);


--
-- Name: reflio_django_app_invite reflio_django_app_invite_user_id_key; Type: CONSTRAINT; Schema: public; Owner: reflio_user
--

ALTER TABLE ONLY public.reflio_django_app_invite
    ADD CONSTRAINT reflio_django_app_invite_user_id_key UNIQUE (user_id);


--
-- Name: reflio_django_app_member reflio_django_app_member_pkey; Type: CONSTRAINT; Schema: public; Owner: reflio_user
--

ALTER TABLE ONLY public.reflio_django_app_member
    ADD CONSTRAINT reflio_django_app_member_pkey PRIMARY KEY (id);


--
-- Name: reflio_django_app_price reflio_django_app_price_pkey; Type: CONSTRAINT; Schema: public; Owner: reflio_user
--

ALTER TABLE ONLY public.reflio_django_app_price
    ADD CONSTRAINT reflio_django_app_price_pkey PRIMARY KEY (id);


--
-- Name: reflio_django_app_product reflio_django_app_product_pkey; Type: CONSTRAINT; Schema: public; Owner: reflio_user
--

ALTER TABLE ONLY public.reflio_django_app_product
    ADD CONSTRAINT reflio_django_app_product_pkey PRIMARY KEY (product_id);


--
-- Name: reflio_django_app_subscription reflio_django_app_subscription_pkey; Type: CONSTRAINT; Schema: public; Owner: reflio_user
--

ALTER TABLE ONLY public.reflio_django_app_subscription
    ADD CONSTRAINT reflio_django_app_subscription_pkey PRIMARY KEY (id);


--
-- Name: reflio_django_app_subscription reflio_django_app_subscription_user_id_key; Type: CONSTRAINT; Schema: public; Owner: reflio_user
--

ALTER TABLE ONLY public.reflio_django_app_subscription
    ADD CONSTRAINT reflio_django_app_subscription_user_id_key UNIQUE (user_id);


--
-- Name: reflio_django_app_team reflio_django_app_team_pkey; Type: CONSTRAINT; Schema: public; Owner: reflio_user
--

ALTER TABLE ONLY public.reflio_django_app_team
    ADD CONSTRAINT reflio_django_app_team_pkey PRIMARY KEY (user_id);


--
-- Name: reflio_django_app_team reflio_django_app_team_team_id_key; Type: CONSTRAINT; Schema: public; Owner: reflio_user
--

ALTER TABLE ONLY public.reflio_django_app_team
    ADD CONSTRAINT reflio_django_app_team_team_id_key UNIQUE (team_id);


--
-- Name: reflio_django_app_userdetails reflio_django_app_userdetails_pkey; Type: CONSTRAINT; Schema: public; Owner: reflio_user
--

ALTER TABLE ONLY public.reflio_django_app_userdetails
    ADD CONSTRAINT reflio_django_app_userdetails_pkey PRIMARY KEY (id);


--
-- Name: reflio_django_app_userdetails reflio_django_app_userdetails_user_id_key; Type: CONSTRAINT; Schema: public; Owner: reflio_user
--

ALTER TABLE ONLY public.reflio_django_app_userdetails
    ADD CONSTRAINT reflio_django_app_userdetails_user_id_key UNIQUE (user_id);


--
-- Name: reflio_django_app_userprofile reflio_django_app_userprofile_email_key; Type: CONSTRAINT; Schema: public; Owner: reflio_user
--

ALTER TABLE ONLY public.reflio_django_app_userprofile
    ADD CONSTRAINT reflio_django_app_userprofile_email_key UNIQUE (email);


--
-- Name: reflio_django_app_userprofile reflio_django_app_userprofile_pkey; Type: CONSTRAINT; Schema: public; Owner: reflio_user
--

ALTER TABLE ONLY public.reflio_django_app_userprofile
    ADD CONSTRAINT reflio_django_app_userprofile_pkey PRIMARY KEY (user_id);


--
-- Name: reflio_django_app_userprofile reflio_django_app_userprofile_username_key; Type: CONSTRAINT; Schema: public; Owner: reflio_user
--

ALTER TABLE ONLY public.reflio_django_app_userprofile
    ADD CONSTRAINT reflio_django_app_userprofile_username_key UNIQUE (username);


--
-- Name: affiliates_user_id_2f09b50d; Type: INDEX; Schema: public; Owner: reflio_user
--

CREATE INDEX affiliates_user_id_2f09b50d ON public.reflio_django_app_affiliate USING btree (user_id);


--
-- Name: auth_group_name_a6ea08ec_like; Type: INDEX; Schema: public; Owner: reflio_user
--

CREATE INDEX auth_group_name_a6ea08ec_like ON public.auth_group USING btree (name varchar_pattern_ops);


--
-- Name: auth_group_permissions_group_id_b120cbf9; Type: INDEX; Schema: public; Owner: reflio_user
--

CREATE INDEX auth_group_permissions_group_id_b120cbf9 ON public.auth_group_permissions USING btree (group_id);


--
-- Name: auth_group_permissions_permission_id_84c5c92e; Type: INDEX; Schema: public; Owner: reflio_user
--

CREATE INDEX auth_group_permissions_permission_id_84c5c92e ON public.auth_group_permissions USING btree (permission_id);


--
-- Name: auth_permission_content_type_id_2f476e4b; Type: INDEX; Schema: public; Owner: reflio_user
--

CREATE INDEX auth_permission_content_type_id_2f476e4b ON public.auth_permission USING btree (content_type_id);


--
-- Name: auth_user_groups_group_id_97559544; Type: INDEX; Schema: public; Owner: reflio_user
--

CREATE INDEX auth_user_groups_group_id_97559544 ON public.auth_user_groups USING btree (group_id);


--
-- Name: auth_user_groups_user_id_6a12ed8b; Type: INDEX; Schema: public; Owner: reflio_user
--

CREATE INDEX auth_user_groups_user_id_6a12ed8b ON public.auth_user_groups USING btree (user_id);


--
-- Name: auth_user_user_permissions_permission_id_1fbb5f2c; Type: INDEX; Schema: public; Owner: reflio_user
--

CREATE INDEX auth_user_user_permissions_permission_id_1fbb5f2c ON public.auth_user_user_permissions USING btree (permission_id);


--
-- Name: auth_user_user_permissions_user_id_a95ead1b; Type: INDEX; Schema: public; Owner: reflio_user
--

CREATE INDEX auth_user_user_permissions_user_id_a95ead1b ON public.auth_user_user_permissions USING btree (user_id);


--
-- Name: auth_user_username_6821ab7c_like; Type: INDEX; Schema: public; Owner: reflio_user
--

CREATE INDEX auth_user_username_6821ab7c_like ON public.auth_user USING btree (username varchar_pattern_ops);


--
-- Name: authtoken_token_key_10f0b77e_like; Type: INDEX; Schema: public; Owner: reflio_user
--

CREATE INDEX authtoken_token_key_10f0b77e_like ON public.authtoken_token USING btree (key varchar_pattern_ops);


--
-- Name: django_admin_log_content_type_id_c4bce8eb; Type: INDEX; Schema: public; Owner: reflio_user
--

CREATE INDEX django_admin_log_content_type_id_c4bce8eb ON public.django_admin_log USING btree (content_type_id);


--
-- Name: django_admin_log_user_id_c564eba6; Type: INDEX; Schema: public; Owner: reflio_user
--

CREATE INDEX django_admin_log_user_id_c564eba6 ON public.django_admin_log USING btree (user_id);


--
-- Name: django_session_expire_date_a5c62663; Type: INDEX; Schema: public; Owner: reflio_user
--

CREATE INDEX django_session_expire_date_a5c62663 ON public.django_session USING btree (expire_date);


--
-- Name: django_session_session_key_c0390e0f_like; Type: INDEX; Schema: public; Owner: reflio_user
--

CREATE INDEX django_session_session_key_c0390e0f_like ON public.django_session USING btree (session_key varchar_pattern_ops);


--
-- Name: referrals_referral_id_4c1bc76b_like; Type: INDEX; Schema: public; Owner: reflio_user
--

CREATE INDEX referrals_referral_id_4c1bc76b_like ON public.reflio_django_app_referral USING btree (referral_id text_pattern_ops);


--
-- Name: referrals_user_id_3febb798; Type: INDEX; Schema: public; Owner: reflio_user
--

CREATE INDEX referrals_user_id_3febb798 ON public.reflio_django_app_referral USING btree (user_id);


--
-- Name: reflio_django_app_affiliate_team_id_9fa44755; Type: INDEX; Schema: public; Owner: reflio_user
--

CREATE INDEX reflio_django_app_affiliate_team_id_9fa44755 ON public.reflio_django_app_affiliate USING btree (team_id);


--
-- Name: reflio_django_app_asset_asset_id_cee3bf83_like; Type: INDEX; Schema: public; Owner: reflio_user
--

CREATE INDEX reflio_django_app_asset_asset_id_cee3bf83_like ON public.reflio_django_app_asset USING btree (asset_id varchar_pattern_ops);


--
-- Name: reflio_django_app_asset_company_id_2d18da23; Type: INDEX; Schema: public; Owner: reflio_user
--

CREATE INDEX reflio_django_app_asset_company_id_2d18da23 ON public.reflio_django_app_asset USING btree (company_id);


--
-- Name: reflio_django_app_asset_team_id_6f7f6539; Type: INDEX; Schema: public; Owner: reflio_user
--

CREATE INDEX reflio_django_app_asset_team_id_6f7f6539 ON public.reflio_django_app_asset USING btree (team_id);


--
-- Name: reflio_django_app_campaign_campaign_id_2da3aba3_like; Type: INDEX; Schema: public; Owner: reflio_user
--

CREATE INDEX reflio_django_app_campaign_campaign_id_2da3aba3_like ON public.reflio_django_app_campaign USING btree (campaign_id varchar_pattern_ops);


--
-- Name: reflio_django_app_campaign_company_id_123978f9; Type: INDEX; Schema: public; Owner: reflio_user
--

CREATE INDEX reflio_django_app_campaign_company_id_123978f9 ON public.reflio_django_app_campaign USING btree (company_id);


--
-- Name: reflio_django_app_campaign_team_id_3a454e33; Type: INDEX; Schema: public; Owner: reflio_user
--

CREATE INDEX reflio_django_app_campaign_team_id_3a454e33 ON public.reflio_django_app_campaign USING btree (team_id);


--
-- Name: reflio_django_app_campaign_user_id_050570d9; Type: INDEX; Schema: public; Owner: reflio_user
--

CREATE INDEX reflio_django_app_campaign_user_id_050570d9 ON public.reflio_django_app_campaign USING btree (user_id);


--
-- Name: reflio_django_app_commission_affiliate_id_5d06643e; Type: INDEX; Schema: public; Owner: reflio_user
--

CREATE INDEX reflio_django_app_commission_affiliate_id_5d06643e ON public.reflio_django_app_commission USING btree (affiliate_id);


--
-- Name: reflio_django_app_commission_campaign_id_a0bfecf3; Type: INDEX; Schema: public; Owner: reflio_user
--

CREATE INDEX reflio_django_app_commission_campaign_id_a0bfecf3 ON public.reflio_django_app_commission USING btree (campaign_id);


--
-- Name: reflio_django_app_commission_campaign_id_a0bfecf3_like; Type: INDEX; Schema: public; Owner: reflio_user
--

CREATE INDEX reflio_django_app_commission_campaign_id_a0bfecf3_like ON public.reflio_django_app_commission USING btree (campaign_id varchar_pattern_ops);


--
-- Name: reflio_django_app_commission_commission_id_05f2e439_like; Type: INDEX; Schema: public; Owner: reflio_user
--

CREATE INDEX reflio_django_app_commission_commission_id_05f2e439_like ON public.reflio_django_app_commission USING btree (commission_id varchar_pattern_ops);


--
-- Name: reflio_django_app_commission_company_id_9f266e15; Type: INDEX; Schema: public; Owner: reflio_user
--

CREATE INDEX reflio_django_app_commission_company_id_9f266e15 ON public.reflio_django_app_commission USING btree (company_id);


--
-- Name: reflio_django_app_commission_referral_id_fe793c6d; Type: INDEX; Schema: public; Owner: reflio_user
--

CREATE INDEX reflio_django_app_commission_referral_id_fe793c6d ON public.reflio_django_app_commission USING btree (referral_id);


--
-- Name: reflio_django_app_commission_referral_id_fe793c6d_like; Type: INDEX; Schema: public; Owner: reflio_user
--

CREATE INDEX reflio_django_app_commission_referral_id_fe793c6d_like ON public.reflio_django_app_commission USING btree (referral_id text_pattern_ops);


--
-- Name: reflio_django_app_company_company_handle_93f7b402_like; Type: INDEX; Schema: public; Owner: reflio_user
--

CREATE INDEX reflio_django_app_company_company_handle_93f7b402_like ON public.reflio_django_app_company USING btree (company_handle varchar_pattern_ops);


--
-- Name: reflio_django_app_company_team_id_b2d9aeb3; Type: INDEX; Schema: public; Owner: reflio_user
--

CREATE INDEX reflio_django_app_company_team_id_b2d9aeb3 ON public.reflio_django_app_company USING btree (team_id);


--
-- Name: reflio_django_app_customer_team_id_4266243f; Type: INDEX; Schema: public; Owner: reflio_user
--

CREATE INDEX reflio_django_app_customer_team_id_4266243f ON public.reflio_django_app_customer USING btree (team_id);


--
-- Name: reflio_django_app_invite_invite_id_ed400edc_like; Type: INDEX; Schema: public; Owner: reflio_user
--

CREATE INDEX reflio_django_app_invite_invite_id_ed400edc_like ON public.reflio_django_app_invite USING btree (invite_id varchar_pattern_ops);


--
-- Name: reflio_django_app_invite_team_id_c2160996; Type: INDEX; Schema: public; Owner: reflio_user
--

CREATE INDEX reflio_django_app_invite_team_id_c2160996 ON public.reflio_django_app_invite USING btree (team_id);


--
-- Name: reflio_django_app_member_member_team_id_90aa6692; Type: INDEX; Schema: public; Owner: reflio_user
--

CREATE INDEX reflio_django_app_member_member_team_id_90aa6692 ON public.reflio_django_app_member USING btree (member_team_id);


--
-- Name: reflio_django_app_member_member_user_id_8cac7083; Type: INDEX; Schema: public; Owner: reflio_user
--

CREATE INDEX reflio_django_app_member_member_user_id_8cac7083 ON public.reflio_django_app_member USING btree (member_user_id);


--
-- Name: reflio_django_app_price_id_adc32335_like; Type: INDEX; Schema: public; Owner: reflio_user
--

CREATE INDEX reflio_django_app_price_id_adc32335_like ON public.reflio_django_app_price USING btree (id varchar_pattern_ops);


--
-- Name: reflio_django_app_price_product_id_a466338d; Type: INDEX; Schema: public; Owner: reflio_user
--

CREATE INDEX reflio_django_app_price_product_id_a466338d ON public.reflio_django_app_price USING btree (product_id);


--
-- Name: reflio_django_app_price_product_id_a466338d_like; Type: INDEX; Schema: public; Owner: reflio_user
--

CREATE INDEX reflio_django_app_price_product_id_a466338d_like ON public.reflio_django_app_price USING btree (product_id varchar_pattern_ops);


--
-- Name: reflio_django_app_product_product_id_1810ab2d_like; Type: INDEX; Schema: public; Owner: reflio_user
--

CREATE INDEX reflio_django_app_product_product_id_1810ab2d_like ON public.reflio_django_app_product USING btree (product_id varchar_pattern_ops);


--
-- Name: reflio_django_app_subscription_id_fed0eea6_like; Type: INDEX; Schema: public; Owner: reflio_user
--

CREATE INDEX reflio_django_app_subscription_id_fed0eea6_like ON public.reflio_django_app_subscription USING btree (id varchar_pattern_ops);


--
-- Name: reflio_django_app_subscription_team_id_16609503; Type: INDEX; Schema: public; Owner: reflio_user
--

CREATE INDEX reflio_django_app_subscription_team_id_16609503 ON public.reflio_django_app_subscription USING btree (team_id);


--
-- Name: reflio_django_app_userprofile_email_b3294b6c_like; Type: INDEX; Schema: public; Owner: reflio_user
--

CREATE INDEX reflio_django_app_userprofile_email_b3294b6c_like ON public.reflio_django_app_userprofile USING btree (email varchar_pattern_ops);


--
-- Name: reflio_django_app_userprofile_team_id_e3522ccf; Type: INDEX; Schema: public; Owner: reflio_user
--

CREATE INDEX reflio_django_app_userprofile_team_id_e3522ccf ON public.reflio_django_app_userprofile USING btree (team_id);


--
-- Name: reflio_django_app_userprofile_username_e2c76ef5_like; Type: INDEX; Schema: public; Owner: reflio_user
--

CREATE INDEX reflio_django_app_userprofile_username_e2c76ef5_like ON public.reflio_django_app_userprofile USING btree (username varchar_pattern_ops);


--
-- Name: reflio_django_app_affiliate affiliates_user_id_2f09b50d_fk_auth_user_id; Type: FK CONSTRAINT; Schema: public; Owner: reflio_user
--

ALTER TABLE ONLY public.reflio_django_app_affiliate
    ADD CONSTRAINT affiliates_user_id_2f09b50d_fk_auth_user_id FOREIGN KEY (user_id) REFERENCES public.auth_user(id) DEFERRABLE INITIALLY DEFERRED;


--
-- Name: auth_group_permissions auth_group_permissio_permission_id_84c5c92e_fk_auth_perm; Type: FK CONSTRAINT; Schema: public; Owner: reflio_user
--

ALTER TABLE ONLY public.auth_group_permissions
    ADD CONSTRAINT auth_group_permissio_permission_id_84c5c92e_fk_auth_perm FOREIGN KEY (permission_id) REFERENCES public.auth_permission(id) DEFERRABLE INITIALLY DEFERRED;


--
-- Name: auth_group_permissions auth_group_permissions_group_id_b120cbf9_fk_auth_group_id; Type: FK CONSTRAINT; Schema: public; Owner: reflio_user
--

ALTER TABLE ONLY public.auth_group_permissions
    ADD CONSTRAINT auth_group_permissions_group_id_b120cbf9_fk_auth_group_id FOREIGN KEY (group_id) REFERENCES public.auth_group(id) DEFERRABLE INITIALLY DEFERRED;


--
-- Name: auth_permission auth_permission_content_type_id_2f476e4b_fk_django_co; Type: FK CONSTRAINT; Schema: public; Owner: reflio_user
--

ALTER TABLE ONLY public.auth_permission
    ADD CONSTRAINT auth_permission_content_type_id_2f476e4b_fk_django_co FOREIGN KEY (content_type_id) REFERENCES public.django_content_type(id) DEFERRABLE INITIALLY DEFERRED;


--
-- Name: auth_user_groups auth_user_groups_group_id_97559544_fk_auth_group_id; Type: FK CONSTRAINT; Schema: public; Owner: reflio_user
--

ALTER TABLE ONLY public.auth_user_groups
    ADD CONSTRAINT auth_user_groups_group_id_97559544_fk_auth_group_id FOREIGN KEY (group_id) REFERENCES public.auth_group(id) DEFERRABLE INITIALLY DEFERRED;


--
-- Name: auth_user_groups auth_user_groups_user_id_6a12ed8b_fk_auth_user_id; Type: FK CONSTRAINT; Schema: public; Owner: reflio_user
--

ALTER TABLE ONLY public.auth_user_groups
    ADD CONSTRAINT auth_user_groups_user_id_6a12ed8b_fk_auth_user_id FOREIGN KEY (user_id) REFERENCES public.auth_user(id) DEFERRABLE INITIALLY DEFERRED;


--
-- Name: auth_user_user_permissions auth_user_user_permi_permission_id_1fbb5f2c_fk_auth_perm; Type: FK CONSTRAINT; Schema: public; Owner: reflio_user
--

ALTER TABLE ONLY public.auth_user_user_permissions
    ADD CONSTRAINT auth_user_user_permi_permission_id_1fbb5f2c_fk_auth_perm FOREIGN KEY (permission_id) REFERENCES public.auth_permission(id) DEFERRABLE INITIALLY DEFERRED;


--
-- Name: auth_user_user_permissions auth_user_user_permissions_user_id_a95ead1b_fk_auth_user_id; Type: FK CONSTRAINT; Schema: public; Owner: reflio_user
--

ALTER TABLE ONLY public.auth_user_user_permissions
    ADD CONSTRAINT auth_user_user_permissions_user_id_a95ead1b_fk_auth_user_id FOREIGN KEY (user_id) REFERENCES public.auth_user(id) DEFERRABLE INITIALLY DEFERRED;


--
-- Name: authtoken_token authtoken_token_user_id_35299eff_fk_auth_user_id; Type: FK CONSTRAINT; Schema: public; Owner: reflio_user
--

ALTER TABLE ONLY public.authtoken_token
    ADD CONSTRAINT authtoken_token_user_id_35299eff_fk_auth_user_id FOREIGN KEY (user_id) REFERENCES public.auth_user(id) DEFERRABLE INITIALLY DEFERRED;


--
-- Name: django_admin_log django_admin_log_content_type_id_c4bce8eb_fk_django_co; Type: FK CONSTRAINT; Schema: public; Owner: reflio_user
--

ALTER TABLE ONLY public.django_admin_log
    ADD CONSTRAINT django_admin_log_content_type_id_c4bce8eb_fk_django_co FOREIGN KEY (content_type_id) REFERENCES public.django_content_type(id) DEFERRABLE INITIALLY DEFERRED;


--
-- Name: django_admin_log django_admin_log_user_id_c564eba6_fk_auth_user_id; Type: FK CONSTRAINT; Schema: public; Owner: reflio_user
--

ALTER TABLE ONLY public.django_admin_log
    ADD CONSTRAINT django_admin_log_user_id_c564eba6_fk_auth_user_id FOREIGN KEY (user_id) REFERENCES public.auth_user(id) DEFERRABLE INITIALLY DEFERRED;


--
-- Name: reflio_django_app_referral referrals_user_id_3febb798_fk_auth_user_id; Type: FK CONSTRAINT; Schema: public; Owner: reflio_user
--

ALTER TABLE ONLY public.reflio_django_app_referral
    ADD CONSTRAINT referrals_user_id_3febb798_fk_auth_user_id FOREIGN KEY (user_id) REFERENCES public.auth_user(id) DEFERRABLE INITIALLY DEFERRED;


--
-- Name: reflio_django_app_affiliate reflio_django_app_af_team_id_9fa44755_fk_reflio_dj; Type: FK CONSTRAINT; Schema: public; Owner: reflio_user
--

ALTER TABLE ONLY public.reflio_django_app_affiliate
    ADD CONSTRAINT reflio_django_app_af_team_id_9fa44755_fk_reflio_dj FOREIGN KEY (team_id) REFERENCES public.reflio_django_app_team(user_id) DEFERRABLE INITIALLY DEFERRED;


--
-- Name: reflio_django_app_asset reflio_django_app_as_company_id_2d18da23_fk_reflio_dj; Type: FK CONSTRAINT; Schema: public; Owner: reflio_user
--

ALTER TABLE ONLY public.reflio_django_app_asset
    ADD CONSTRAINT reflio_django_app_as_company_id_2d18da23_fk_reflio_dj FOREIGN KEY (company_id) REFERENCES public.reflio_django_app_company(company_id) DEFERRABLE INITIALLY DEFERRED;


--
-- Name: reflio_django_app_asset reflio_django_app_as_team_id_6f7f6539_fk_reflio_dj; Type: FK CONSTRAINT; Schema: public; Owner: reflio_user
--

ALTER TABLE ONLY public.reflio_django_app_asset
    ADD CONSTRAINT reflio_django_app_as_team_id_6f7f6539_fk_reflio_dj FOREIGN KEY (team_id) REFERENCES public.reflio_django_app_team(user_id) DEFERRABLE INITIALLY DEFERRED;


--
-- Name: reflio_django_app_asset reflio_django_app_asset_user_id_86237a7e_fk_auth_user_id; Type: FK CONSTRAINT; Schema: public; Owner: reflio_user
--

ALTER TABLE ONLY public.reflio_django_app_asset
    ADD CONSTRAINT reflio_django_app_asset_user_id_86237a7e_fk_auth_user_id FOREIGN KEY (user_id) REFERENCES public.auth_user(id) DEFERRABLE INITIALLY DEFERRED;


--
-- Name: reflio_django_app_campaign reflio_django_app_ca_company_id_123978f9_fk_reflio_dj; Type: FK CONSTRAINT; Schema: public; Owner: reflio_user
--

ALTER TABLE ONLY public.reflio_django_app_campaign
    ADD CONSTRAINT reflio_django_app_ca_company_id_123978f9_fk_reflio_dj FOREIGN KEY (company_id) REFERENCES public.reflio_django_app_company(company_id) DEFERRABLE INITIALLY DEFERRED;


--
-- Name: reflio_django_app_campaign reflio_django_app_ca_team_id_3a454e33_fk_reflio_dj; Type: FK CONSTRAINT; Schema: public; Owner: reflio_user
--

ALTER TABLE ONLY public.reflio_django_app_campaign
    ADD CONSTRAINT reflio_django_app_ca_team_id_3a454e33_fk_reflio_dj FOREIGN KEY (team_id) REFERENCES public.reflio_django_app_team(user_id) DEFERRABLE INITIALLY DEFERRED;


--
-- Name: reflio_django_app_campaign reflio_django_app_campaign_user_id_050570d9_fk_auth_user_id; Type: FK CONSTRAINT; Schema: public; Owner: reflio_user
--

ALTER TABLE ONLY public.reflio_django_app_campaign
    ADD CONSTRAINT reflio_django_app_campaign_user_id_050570d9_fk_auth_user_id FOREIGN KEY (user_id) REFERENCES public.auth_user(id) DEFERRABLE INITIALLY DEFERRED;


--
-- Name: reflio_django_app_commission reflio_django_app_co_campaign_id_a0bfecf3_fk_reflio_dj; Type: FK CONSTRAINT; Schema: public; Owner: reflio_user
--

ALTER TABLE ONLY public.reflio_django_app_commission
    ADD CONSTRAINT reflio_django_app_co_campaign_id_a0bfecf3_fk_reflio_dj FOREIGN KEY (campaign_id) REFERENCES public.reflio_django_app_campaign(campaign_id) DEFERRABLE INITIALLY DEFERRED;


--
-- Name: reflio_django_app_commission reflio_django_app_co_company_id_9f266e15_fk_reflio_dj; Type: FK CONSTRAINT; Schema: public; Owner: reflio_user
--

ALTER TABLE ONLY public.reflio_django_app_commission
    ADD CONSTRAINT reflio_django_app_co_company_id_9f266e15_fk_reflio_dj FOREIGN KEY (company_id) REFERENCES public.reflio_django_app_company(company_id) DEFERRABLE INITIALLY DEFERRED;


--
-- Name: reflio_django_app_commission reflio_django_app_co_referral_id_fe793c6d_fk_referrals; Type: FK CONSTRAINT; Schema: public; Owner: reflio_user
--

ALTER TABLE ONLY public.reflio_django_app_commission
    ADD CONSTRAINT reflio_django_app_co_referral_id_fe793c6d_fk_referrals FOREIGN KEY (referral_id) REFERENCES public.reflio_django_app_referral(referral_id) DEFERRABLE INITIALLY DEFERRED;


--
-- Name: reflio_django_app_company reflio_django_app_co_team_id_b2d9aeb3_fk_reflio_dj; Type: FK CONSTRAINT; Schema: public; Owner: reflio_user
--

ALTER TABLE ONLY public.reflio_django_app_company
    ADD CONSTRAINT reflio_django_app_co_team_id_b2d9aeb3_fk_reflio_dj FOREIGN KEY (team_id) REFERENCES public.reflio_django_app_team(user_id) DEFERRABLE INITIALLY DEFERRED;


--
-- Name: reflio_django_app_company reflio_django_app_company_user_id_f333b3fd_fk_auth_user_id; Type: FK CONSTRAINT; Schema: public; Owner: reflio_user
--

ALTER TABLE ONLY public.reflio_django_app_company
    ADD CONSTRAINT reflio_django_app_company_user_id_f333b3fd_fk_auth_user_id FOREIGN KEY (user_id) REFERENCES public.auth_user(id) DEFERRABLE INITIALLY DEFERRED;


--
-- Name: reflio_django_app_customer reflio_django_app_cu_team_id_4266243f_fk_reflio_dj; Type: FK CONSTRAINT; Schema: public; Owner: reflio_user
--

ALTER TABLE ONLY public.reflio_django_app_customer
    ADD CONSTRAINT reflio_django_app_cu_team_id_4266243f_fk_reflio_dj FOREIGN KEY (team_id) REFERENCES public.reflio_django_app_team(user_id) DEFERRABLE INITIALLY DEFERRED;


--
-- Name: reflio_django_app_customer reflio_django_app_customer_user_id_93422693_fk_auth_user_id; Type: FK CONSTRAINT; Schema: public; Owner: reflio_user
--

ALTER TABLE ONLY public.reflio_django_app_customer
    ADD CONSTRAINT reflio_django_app_customer_user_id_93422693_fk_auth_user_id FOREIGN KEY (user_id) REFERENCES public.auth_user(id) DEFERRABLE INITIALLY DEFERRED;


--
-- Name: reflio_django_app_invite reflio_django_app_in_team_id_c2160996_fk_reflio_dj; Type: FK CONSTRAINT; Schema: public; Owner: reflio_user
--

ALTER TABLE ONLY public.reflio_django_app_invite
    ADD CONSTRAINT reflio_django_app_in_team_id_c2160996_fk_reflio_dj FOREIGN KEY (team_id) REFERENCES public.reflio_django_app_team(user_id) DEFERRABLE INITIALLY DEFERRED;


--
-- Name: reflio_django_app_invite reflio_django_app_invite_user_id_dec12642_fk_auth_user_id; Type: FK CONSTRAINT; Schema: public; Owner: reflio_user
--

ALTER TABLE ONLY public.reflio_django_app_invite
    ADD CONSTRAINT reflio_django_app_invite_user_id_dec12642_fk_auth_user_id FOREIGN KEY (user_id) REFERENCES public.auth_user(id) DEFERRABLE INITIALLY DEFERRED;


--
-- Name: reflio_django_app_member reflio_django_app_me_member_team_id_90aa6692_fk_reflio_dj; Type: FK CONSTRAINT; Schema: public; Owner: reflio_user
--

ALTER TABLE ONLY public.reflio_django_app_member
    ADD CONSTRAINT reflio_django_app_me_member_team_id_90aa6692_fk_reflio_dj FOREIGN KEY (member_team_id) REFERENCES public.reflio_django_app_team(user_id) DEFERRABLE INITIALLY DEFERRED;


--
-- Name: reflio_django_app_member reflio_django_app_me_member_user_id_8cac7083_fk_auth_user; Type: FK CONSTRAINT; Schema: public; Owner: reflio_user
--

ALTER TABLE ONLY public.reflio_django_app_member
    ADD CONSTRAINT reflio_django_app_me_member_user_id_8cac7083_fk_auth_user FOREIGN KEY (member_user_id) REFERENCES public.auth_user(id) DEFERRABLE INITIALLY DEFERRED;


--
-- Name: reflio_django_app_price reflio_django_app_pr_product_id_a466338d_fk_reflio_dj; Type: FK CONSTRAINT; Schema: public; Owner: reflio_user
--

ALTER TABLE ONLY public.reflio_django_app_price
    ADD CONSTRAINT reflio_django_app_pr_product_id_a466338d_fk_reflio_dj FOREIGN KEY (product_id) REFERENCES public.reflio_django_app_product(product_id) DEFERRABLE INITIALLY DEFERRED;


--
-- Name: reflio_django_app_subscription reflio_django_app_su_team_id_16609503_fk_reflio_dj; Type: FK CONSTRAINT; Schema: public; Owner: reflio_user
--

ALTER TABLE ONLY public.reflio_django_app_subscription
    ADD CONSTRAINT reflio_django_app_su_team_id_16609503_fk_reflio_dj FOREIGN KEY (team_id) REFERENCES public.reflio_django_app_team(user_id) DEFERRABLE INITIALLY DEFERRED;


--
-- Name: reflio_django_app_subscription reflio_django_app_subscription_user_id_918fe7cd_fk_auth_user_id; Type: FK CONSTRAINT; Schema: public; Owner: reflio_user
--

ALTER TABLE ONLY public.reflio_django_app_subscription
    ADD CONSTRAINT reflio_django_app_subscription_user_id_918fe7cd_fk_auth_user_id FOREIGN KEY (user_id) REFERENCES public.auth_user(id) DEFERRABLE INITIALLY DEFERRED;


--
-- Name: reflio_django_app_team reflio_django_app_team_user_id_e7f0decb_fk_auth_user_id; Type: FK CONSTRAINT; Schema: public; Owner: reflio_user
--

ALTER TABLE ONLY public.reflio_django_app_team
    ADD CONSTRAINT reflio_django_app_team_user_id_e7f0decb_fk_auth_user_id FOREIGN KEY (user_id) REFERENCES public.auth_user(id) DEFERRABLE INITIALLY DEFERRED;


--
-- Name: reflio_django_app_userprofile reflio_django_app_us_team_id_e3522ccf_fk_reflio_dj; Type: FK CONSTRAINT; Schema: public; Owner: reflio_user
--

ALTER TABLE ONLY public.reflio_django_app_userprofile
    ADD CONSTRAINT reflio_django_app_us_team_id_e3522ccf_fk_reflio_dj FOREIGN KEY (team_id) REFERENCES public.reflio_django_app_team(user_id) DEFERRABLE INITIALLY DEFERRED;


--
-- Name: reflio_django_app_userdetails reflio_django_app_userdetails_user_id_30f57515_fk_auth_user_id; Type: FK CONSTRAINT; Schema: public; Owner: reflio_user
--

ALTER TABLE ONLY public.reflio_django_app_userdetails
    ADD CONSTRAINT reflio_django_app_userdetails_user_id_30f57515_fk_auth_user_id FOREIGN KEY (user_id) REFERENCES public.auth_user(id) DEFERRABLE INITIALLY DEFERRED;


--
-- Name: reflio_django_app_userprofile reflio_django_app_userprofile_user_id_01ca63ce_fk_auth_user_id; Type: FK CONSTRAINT; Schema: public; Owner: reflio_user
--

ALTER TABLE ONLY public.reflio_django_app_userprofile
    ADD CONSTRAINT reflio_django_app_userprofile_user_id_01ca63ce_fk_auth_user_id FOREIGN KEY (user_id) REFERENCES public.auth_user(id) DEFERRABLE INITIALLY DEFERRED;


--
-- PostgreSQL database dump complete
--

